titre;date;valo;prix_arrondi;ecart_prix_arrondi_valo;source_prix_arrondi;source_ecart;profil_metier
9748;26/03/2026;100.41;98.63;-1.78;table Valorisation;a corriger (table Valorisation) | FIX/AA/AN/FIN/R/R/ORD;FIX/AA/AN/FIN/R/R/ORD
9580;26/03/2026;8342.07;8342.07;0.0;table Valorisation;acceptable (tolÃ©rance Â±0,02) | REV/AA/TRI/TRI/R/360/ORD;REV/AA/TRI/TRI/R/360/ORD
201937;26/03/2026;100455.31;100455.31;0.0;table Valorisation;acceptable (tolÃ©rance Â±0,02) | FIX/AA/SEM/FIN/R/360/BDT;FIX/AA/SEM/FIN/R/360/BDT
5151;26/03/2026;100024.48;99775.53;-248.95;table Valorisation;a corriger (table Valorisation) | REV/ZC/TRI/FIN/R/360/FPCT;REV/ZC/TRI/FIN/R/360/FPCT
5122;26/03/2026;40564.44;40564.12;-0.32;table Valorisation;a corriger (table Valorisation) | FIX/ZC/TRI/TRI/R/R/FPCT;FIX/ZC/TRI/TRI/R/R/FPCT
5116;26/03/2026;53193.0;53191.64;-1.36;table Valorisation;a corriger (table Valorisation) | FIX/ZC/TRI/TRI/R/R/FPCT;FIX/ZC/TRI/TRI/R/R/FPCT
5061;26/03/2026;73369.22;73367.52;-1.7;table Valorisation;a corriger (table Valorisation) | FIX/ZC/TRI/TRI/R/R/FPCT;FIX/ZC/TRI/TRI/R/R/FPCT
9714;26/03/2026;100556.88;100557.58;0.7;table Valorisation;a corriger (table Valorisation) | FIX/ZC/AN/AN/R/R/OBL;FIX/ZC/AN/AN/R/R/OBL
9240;26/03/2026;27018.08;27020.28;2.2;table Valorisation;a corriger (table Valorisation) | REV/ZC/AN/AN/R/R/ORD;REV/ZC/AN/AN/R/R/ORD
5106;26/03/2026;29757.86;29756.89;-0.97;table Valorisation;a corriger (table Valorisation) | FIX/ZC/TRI/TRI/R/R/FPCT;FIX/ZC/TRI/TRI/R/R/FPCT
101005;26/03/2026;100111.97;100111.97;0.0;table Valorisation;acceptable (tolÃ©rance Â±0,02) | FIX/ZC/AN/AN/R/R/BSF;FIX/ZC/AN/AN/R/R/BSF
9487;26/03/2026;75765.34;75765.36;0.02;table Valorisation;acceptable (tolÃ©rance Â±0,02) | REV/AA/AN/AN/R/360/OBL;REV/AA/AN/AN/R/360/OBL
9518;26/03/2026;71573.4;71573.36;-0.04;table Valorisation;a corriger (table Valorisation) | FIX/ZC/AN/AN/R/R/OBL;FIX/ZC/AN/AN/R/R/OBL
5119;26/03/2026;47067.32;47067.32;0.0;table Valorisation;acceptable (tolÃ©rance Â±0,02) | REV/AA/TRI/FIN/R/360/FPCT;REV/AA/TRI/FIN/R/360/FPCT
9402;26/03/2026;61299.39;61299.39;0.0;table Valorisation;acceptable (tolÃ©rance Â±0,02) | FIX/ZC/AN/AN/R/R/ORD;FIX/ZC/AN/AN/R/R/ORD
9461;26/03/2026;34611.36;34611.36;0.0;table Valorisation;acceptable (tolÃ©rance Â±0,02) | FIX/ZC/AN/AN/R/R/ORD;FIX/ZC/AN/AN/R/R/ORD
9202;26/03/2026;237.37;237.37;0.0;table Valorisation;acceptable (tolÃ©rance Â±0,02) | FIX/ZC/AN/AN/R/R/ORD;FIX/ZC/AN/AN/R/R/ORD
2151;26/03/2026;6828.93;6828.93;0.0;table Valorisation;acceptable (tolÃ©rance Â±0,02) | FIX/ZC/AN/AN/R/R/ORD;FIX/ZC/AN/AN/R/R/ORD
153118;26/03/2026;100173.12;100161.05;-12.07;table Valorisation;a corriger (table Valorisation) | FIX/AA/AN/FIN/R/R/CD;FIX/AA/AN/FIN/R/R/CD
100931;26/03/2026;103334.02;103334.02;0.0;table Valorisation;acceptable (tolÃ©rance Â±0,02) | FIX/AA/AN/FIN/R/R/BSF;FIX/AA/AN/FIN/R/R/BSF
9091;26/03/2026;108944.38;108918.69;-25.69;table Valorisation;a corriger (table Valorisation) | FIX/AA/AN/FIN/R/R/ORD;FIX/AA/AN/FIN/R/R/ORD
100954;26/03/2026;100875.49;100875.49;0.0;table Valorisation;acceptable (tolÃ©rance Â±0,02) | FIX/AA/AN/FIN/R/R/BSF;FIX/AA/AN/FIN/R/R/BSF
100992;26/03/2026;101865.15;101865.15;0.0;table Valorisation;acceptable (tolÃ©rance Â±0,02) | FIX/AA/AN/FIN/R/R/BSF;FIX/AA/AN/FIN/R/R/BSF
201929;26/03/2026;100315.01;100308.86;-6.15;table Valorisation;a corriger (table Valorisation) | FIX/AA/AN/FIN/R/R/BDT;FIX/AA/AN/FIN/R/R/BDT
201873;26/03/2026;113744.68;107735.81;-6008.87;table Valorisation;a corriger (table Valorisation) | FIX/AA/AN/FIN/R/R/BDT;FIX/AA/AN/FIN/R/R/BDT
9743;26/03/2026;98792.82;98680.9;-111.92;table Valorisation;a corriger (table Valorisation) | FIX/AA/AN/FIN/R/R/ORD;FIX/AA/AN/FIN/R/R/ORD
201914;26/03/2026;97234.26;91163.89;-6070.37;table Valorisation;a corriger (table Valorisation) | FIX/AA/AN/FIN/R/R/BDT;FIX/AA/AN/FIN/R/R/BDT
9704;26/03/2026;99971.19;99868.79;-102.4;table Valorisation;a corriger (table Valorisation) | FIX/AA/AN/FIN/R/R/OBL;FIX/AA/AN/FIN/R/R/OBL
101018;26/03/2026;99398.22;99340.04;-58.18;table Valorisation;a corriger (table Valorisation) | FIX/AA/AN/FIN/R/R/BSF;FIX/AA/AN/FIN/R/R/BSF
9600;26/03/2026;103782.02;103720.96;-61.06;table Valorisation;a corriger (table Valorisation) | FIX/AA/AN/FIN/R/R/OBL;FIX/AA/AN/FIN/R/R/OBL
201837;26/03/2026;107583.73;107387.36;-196.37;table Valorisation;a corriger (table Valorisation) | FIX/AA/AN/FIN/R/R/BDT;FIX/AA/AN/FIN/R/R/BDT
101020;26/03/2026;99902.67;99868.73;-33.94;table Valorisation;a corriger (table Valorisation) | FIX/AA/AN/FIN/R/R/BSF;FIX/AA/AN/FIN/R/R/BSF
101015;26/03/2026;99067.77;99018.87;-48.9;table Valorisation;a corriger (table Valorisation) | FIX/AA/AN/FIN/R/R/BSF;FIX/AA/AN/FIN/R/R/BSF
201853;26/03/2026;102099.74;102099.26;-0.48;table Valorisation;a corriger (table Valorisation) | FIX/AA/AN/FIN/R/R/BDT;FIX/AA/AN/FIN/R/R/BDT
201918;26/03/2026;100996.11;100996.11;0.0;table Valorisation;acceptable (tolÃ©rance Â±0,02) | FIX/AA/AN/FIN/R/R/BDT;FIX/AA/AN/FIN/R/R/BDT
201865;26/03/2026;107952.06;107697.58;-254.48;table Valorisation;a corriger (table Valorisation) | FIX/AA/AN/FIN/R/R/BDT;FIX/AA/AN/FIN/R/R/BDT
101013;26/03/2026;99083.11;99030.17;-52.94;table Valorisation;a corriger (table Valorisation) | FIX/AA/AN/FIN/R/R/BSF;FIX/AA/AN/FIN/R/R/BSF
100958;26/03/2026;101996.15;101969.96;-26.19;table Valorisation;a corriger (table Valorisation) | FIX/AA/AN/FIN/R/R/BSF;FIX/AA/AN/FIN/R/R/BSF
153119;26/03/2026;100960.73;100960.73;0.0;table Valorisation;acceptable (tolÃ©rance Â±0,02) | FIX/AA/AN/FIN/R/360/CD;FIX/AA/AN/FIN/R/360/CD
201882;26/03/2026;100212.07;100188.03;-24.04;table Valorisation;a corriger (table Valorisation) | FIX/AA/AN/FIN/R/R/BDT;FIX/AA/AN/FIN/R/R/BDT
100994;26/03/2026;101514.1;101514.1;0.0;table Valorisation;acceptable (tolÃ©rance Â±0,02) | FIX/AA/AN/FIN/R/R/BSF;FIX/AA/AN/FIN/R/R/BSF
9707;26/03/2026;100569.29;100569.29;0.0;table Valorisation;acceptable (tolÃ©rance Â±0,02) | FIX/ZC/AN/AN/R/R/OBL;FIX/ZC/AN/AN/R/R/OBL
153098;26/03/2026;101161.77;101161.77;0.0;table Valorisation;acceptable (tolÃ©rance Â±0,02) | FIX/AA/AN/FIN/R/R/CD;FIX/AA/AN/FIN/R/R/CD
152983;26/03/2026;102266.17;102266.17;0.0;table Valorisation;acceptable (tolÃ©rance Â±0,02) | FIX/AA/AN/FIN/R/R/CD;FIX/AA/AN/FIN/R/R/CD
100984;26/03/2026;103416.54;103416.54;0.0;table Valorisation;acceptable (tolÃ©rance Â±0,02) | FIX/AA/AN/FIN/R/R/BSF;FIX/AA/AN/FIN/R/R/BSF
100993;26/03/2026;101089.85;101089.85;0.0;table Valorisation;acceptable (tolÃ©rance Â±0,02) | FIX/ZC/AN/AN/R/R/BSF;FIX/ZC/AN/AN/R/R/BSF
9647;26/03/2026;106400.63;101131.0;-5269.63;table Valorisation;a corriger (table Valorisation) | FIX/AA/AN/FIN/R/R/ORD;FIX/AA/AN/FIN/R/R/ORD
100997;26/03/2026;101723.7;101722.48;-1.22;table Valorisation;a corriger (table Valorisation) | FIX/AA/AN/FIN/R/R/BSF;FIX/AA/AN/FIN/R/R/BSF
9754;26/03/2026;101024.41;101024.41;0.0;table Valorisation;acceptable (tolÃ©rance Â±0,02) | REV/AA/AN/FIN/R/360/OBL;REV/AA/AN/FIN/R/360/OBL
152898;26/03/2026;100800.37;100770.97;-29.4;table Valorisation;a corriger (table Valorisation) | FIX/AA/AN/FIN/R/R/CD;FIX/AA/AN/FIN/R/R/CD
153158;26/03/2026;100042.64;100034.42;-8.22;table Valorisation;a corriger (table Valorisation) | FIX/AA/AN/FIN/R/360/CD;FIX/AA/AN/FIN/R/360/CD
9691;26/03/2026;98294.43;98057.51;-236.92;table Valorisation;a corriger (table Valorisation) | FIX/AA/AN/FIN/R/R/ORD;FIX/AA/AN/FIN/R/R/ORD
9642;26/03/2026;100126.11;100126.11;0.0;table Valorisation;acceptable (tolÃ©rance Â±0,02) | REV/AA/TRI/FIN/R/360/OBL;REV/AA/TRI/FIN/R/360/OBL
201889;26/03/2026;102342.84;102288.42;-54.42;table Valorisation;a corriger (table Valorisation) | FIX/AA/AN/FIN/R/R/BDT;FIX/AA/AN/FIN/R/R/BDT
100953;26/03/2026;102388.87;102388.87;0.0;table Valorisation;acceptable (tolÃ©rance Â±0,02) | FIX/AA/AN/FIN/R/R/BSF;FIX/AA/AN/FIN/R/R/BSF
201872;26/03/2026;110678.13;109260.22;-1417.91;table Valorisation;a corriger (table Valorisation) | FIX/AA/AN/FIN/R/R/BDT;FIX/AA/AN/FIN/R/R/BDT
9602;26/03/2026;100942.51;100942.51;0.0;table Valorisation;acceptable (tolÃ©rance Â±0,02) | REV/AA/AN/FIN/R/R/ORD;REV/AA/AN/FIN/R/R/ORD
201938;26/03/2026;97866.88;97787.22;-79.66;table Valorisation;a corriger (table Valorisation) | FIX/AA/AN/FIN/R/R/BDT;FIX/AA/AN/FIN/R/R/BDT
100957;26/03/2026;101752.06;101752.06;0.0;table Valorisation;acceptable (tolÃ©rance Â±0,02) | FIX/AA/AN/FIN/R/R/BSF;FIX/AA/AN/FIN/R/R/BSF
9703;26/03/2026;98971.47;98971.47;0.0;table Valorisation;acceptable (tolÃ©rance Â±0,02) | FIX/ZC/AN/AN/R/R/OBL;FIX/ZC/AN/AN/R/R/OBL
9625;26/03/2026;103192.87;103192.87;0.0;table Valorisation;acceptable (tolÃ©rance Â±0,02) | REV/AA/AN/FIN/R/360/OBL;REV/AA/AN/FIN/R/360/OBL
100969;26/03/2026;101318.65;101317.01;-1.64;table Valorisation;a corriger (table Valorisation) | FIX/AA/AN/FIN/R/R/BSF;FIX/AA/AN/FIN/R/R/BSF
100979;26/03/2026;100326.07;100314.09;-11.98;table Valorisation;a corriger (table Valorisation) | FIX/AA/AN/FIN/R/R/BSF;FIX/AA/AN/FIN/R/R/BSF
9705;26/03/2026;102129.38;102129.38;0.0;table Valorisation;acceptable (tolÃ©rance Â±0,02) | REV/AA/AN/FIN/R/360/OBL;REV/AA/AN/FIN/R/360/OBL
100995;26/03/2026;101114.68;101114.68;0.0;table Valorisation;acceptable (tolÃ©rance Â±0,02) | FIX/ZC/AN/AN/R/R/BSF;FIX/ZC/AN/AN/R/R/BSF
9765;26/03/2026;97645.12;97366.89;-278.23;table Valorisation;a corriger (table Valorisation) | FIX/AA/AN/FIN/R/R/OBL;FIX/AA/AN/FIN/R/R/OBL
153016;26/03/2026;104559.6;104559.6;0.0;table Valorisation;acceptable (tolÃ©rance Â±0,02) | FIX/AA/AN/FIN/R/R/CD;FIX/AA/AN/FIN/R/R/CD
101011;26/03/2026;99714.88;99688.91;-25.97;table Valorisation;a corriger (table Valorisation) | FIX/AA/AN/FIN/R/R/BSF;FIX/AA/AN/FIN/R/R/BSF
101001;26/03/2026;101233.67;101233.67;0.0;table Valorisation;acceptable (tolÃ©rance Â±0,02) | FIX/AA/AN/FIN/R/R/BSF;FIX/AA/AN/FIN/R/R/BSF
201840;26/03/2026;103527.52;103497.1;-30.42;table Valorisation;a corriger (table Valorisation) | FIX/AA/AN/FIN/R/R/BDT;FIX/AA/AN/FIN/R/R/BDT
9643;26/03/2026;100691.02;100691.02;0.0;table Valorisation;acceptable (tolÃ©rance Â±0,02) | REV/AA/AN/FIN/R/360/ORD;REV/AA/AN/FIN/R/360/ORD
5166;26/03/2026;100558.6;100538.53;-20.07;table Valorisation;a corriger (table Valorisation) | REV/ZC/TRI/TRI/R/360/FPCT;REV/ZC/TRI/TRI/R/360/FPCT
152364;26/03/2026;102174.74;102174.74;0.0;table Valorisation;acceptable (tolÃ©rance Â±0,02) | FIX/AA/AN/FIN/R/R/CD;FIX/AA/AN/FIN/R/R/CD
153155;26/03/2026;100055.47;100043.46;-12.01;table Valorisation;a corriger (table Valorisation) | FIX/AA/AN/FIN/R/R/CD;FIX/AA/AN/FIN/R/R/CD
100970;26/03/2026;104603.08;104599.23;-3.85;table Valorisation;a corriger (table Valorisation) | FIX/AA/AN/FIN/R/R/BSF;FIX/AA/AN/FIN/R/R/BSF
201848;26/03/2026;102484.53;102484.2;-0.33;table Valorisation;a corriger (table Valorisation) | FIX/AA/AN/FIN/R/R/BDT;FIX/AA/AN/FIN/R/R/BDT
9697;26/03/2026;103848.32;103848.32;0.0;table Valorisation;acceptable (tolÃ©rance Â±0,02) | REV/AA/AN/AN/R/R/OBL;REV/AA/AN/AN/R/R/OBL
100963;26/03/2026;101654.17;101652.62;-1.55;table Valorisation;a corriger (table Valorisation) | FIX/AA/AN/FIN/R/R/BSF;FIX/AA/AN/FIN/R/R/BSF
9757;26/03/2026;100069.78;100069.78;0.0;table Valorisation;acceptable (tolÃ©rance Â±0,02) | REV/AA/TRI/FIN/R/360/OBL;REV/AA/TRI/FIN/R/360/OBL
9708;26/03/2026;102018.96;102018.96;0.0;table Valorisation;acceptable (tolÃ©rance Â±0,02) | REV/AA/AN/AN/R/360/OBL;REV/AA/AN/AN/R/360/OBL
9692;26/03/2026;101539.93;101539.93;0.0;table Valorisation;acceptable (tolÃ©rance Â±0,02) | FIX/AA/AN/FIN/R/R/OBL;FIX/AA/AN/FIN/R/R/OBL
141174;26/03/2026;102686.71;102686.71;0.0;table Valorisation;acceptable (tolÃ©rance Â±0,02) | FIX/AA/AN/FIN/R/360/BT;FIX/AA/AN/FIN/R/360/BT
9685;26/03/2026;88261.26;88261.26;0.0;table Valorisation;acceptable (tolÃ©rance Â±0,02) | REV/AA/SEM/SEM/R/360/ORD;REV/AA/SEM/SEM/R/360/ORD
100971;26/03/2026;100890.74;100889.05;-1.69;table Valorisation;a corriger (table Valorisation) | FIX/AA/AN/FIN/R/R/BSF;FIX/AA/AN/FIN/R/R/BSF
101006;26/03/2026;100577.68;100577.68;0.0;table Valorisation;acceptable (tolÃ©rance Â±0,02) | FIX/ZC/AN/AN/R/R/BSF;FIX/ZC/AN/AN/R/R/BSF
101012;26/03/2026;100323.66;100314.12;-9.54;table Valorisation;a corriger (table Valorisation) | FIX/AA/AN/FIN/R/R/BSF;FIX/AA/AN/FIN/R/R/BSF
101023;26/03/2026;99320.48;99282.3;-38.18;table Valorisation;a corriger (table Valorisation) | FIX/AA/AN/FIN/R/R/BSF;FIX/AA/AN/FIN/R/R/BSF
9627;26/03/2026;102034.72;102034.99;0.27;table Valorisation;a corriger (table Valorisation) | REV/AA/AN/AN/R/R/OBL;REV/AA/AN/AN/R/R/OBL
9607;26/03/2026;105521.74;105504.68;-17.06;table Valorisation;a corriger (table Valorisation) | FIX/AA/AN/FIN/R/R/ORD;FIX/AA/AN/FIN/R/R/ORD
9626;26/03/2026;104558.79;104558.79;0.0;table Valorisation;acceptable (tolÃ©rance Â±0,02) | FIX/ZC/AN/AN/R/R/OBL;FIX/ZC/AN/AN/R/R/OBL
100937;26/03/2026;69225.81;69225.81;0.0;table Valorisation;acceptable (tolÃ©rance Â±0,02) | FIX/ZC/AN/AN/R/R/BSF;FIX/ZC/AN/AN/R/R/BSF
101021;26/03/2026;100594.51;100592.87;-1.64;table Valorisation;a corriger (table Valorisation) | FIX/AA/AN/FIN/R/R/BSF;FIX/AA/AN/FIN/R/R/BSF
201926;26/03/2026;100398.42;100394.93;-3.49;table Valorisation;a corriger (table Valorisation) | FIX/AA/AN/FIN/R/R/BDT;FIX/AA/AN/FIN/R/R/BDT
201892;26/03/2026;102963.31;102963.31;0.0;table Valorisation;acceptable (tolÃ©rance Â±0,02) | FIX/AA/AN/FIN/R/R/BDT;FIX/AA/AN/FIN/R/R/BDT
9651;26/03/2026;101096.33;101096.31;-0.02;table Valorisation;acceptable (tolÃ©rance Â±0,02) | FIX/ZC/AN/AN/R/R/OBL;FIX/ZC/AN/AN/R/R/OBL
9735;26/03/2026;97915.66;97662.92;-252.74;table Valorisation;a corriger (table Valorisation) | FIX/AA/AN/FIN/R/R/ORD;FIX/AA/AN/FIN/R/R/ORD
152235;26/03/2026;103146.71;103146.71;0.0;table Valorisation;acceptable (tolÃ©rance Â±0,02) | FIX/AA/AN/FIN/R/R/CD;FIX/AA/AN/FIN/R/R/CD
152951;26/03/2026;103040.19;103040.19;0.0;table Valorisation;acceptable (tolÃ©rance Â±0,02) | FIX/AA/AN/FIN/R/R/CD;FIX/AA/AN/FIN/R/R/CD
201835;26/03/2026;103005.76;103005.76;0.0;table Valorisation;acceptable (tolÃ©rance Â±0,02) | FIX/AA/AN/FIN/R/R/BDT;FIX/AA/AN/FIN/R/R/BDT
141187;26/03/2026;100053.53;100053.53;0.0;table Valorisation;acceptable (tolÃ©rance Â±0,02) | FIX/AA/SEM/FIN/R/360/BT;FIX/AA/SEM/FIN/R/360/BT
201898;26/03/2026;99294.36;97949.26;-1345.1;table Valorisation;a corriger (table Valorisation) | FIX/AA/AN/FIN/R/R/BDT;FIX/AA/AN/FIN/R/R/BDT
9689;26/03/2026;100051.14;100051.14;0.0;table Valorisation;acceptable (tolÃ©rance Â±0,02) | REV/AA/TRI/FIN/R/360/OBL;REV/AA/TRI/FIN/R/360/OBL
100999;26/03/2026;99491.02;99448.09;-42.93;table Valorisation;a corriger (table Valorisation) | FIX/AA/AN/FIN/R/R/BSF;FIX/AA/AN/FIN/R/R/BSF
9752;26/03/2026;97737.44;96423.43;-1314.01;table Valorisation;a corriger (table Valorisation) | REV/AA/AN/FIN/R/R/ORD;REV/AA/AN/FIN/R/R/ORD
201236;26/03/2026;108958.5;108951.36;-7.14;table Valorisation;a corriger (table Valorisation) | FIX/AA/AN/FIN/R/R/BDT;FIX/AA/AN/FIN/R/R/BDT
9614;26/03/2026;107048.07;106872.08;-175.99;table Valorisation;a corriger (table Valorisation) | FIX/AA/AN/FIN/R/R/OBL;FIX/AA/AN/FIN/R/R/OBL
9411;26/03/2026;103014.78;103015.42;0.64;table Valorisation;a corriger (table Valorisation) | FIX/ZC/AN/AN/R/R/ORD;FIX/ZC/AN/AN/R/R/ORD
9424;26/03/2026;75571.47;75571.53;0.06;table Valorisation;a corriger (table Valorisation) | FIX/ZC/AN/AN/R/R/OBL;FIX/ZC/AN/AN/R/R/OBL
9394;26/03/2026;108707.02;108705.67;-1.35;table Valorisation;a corriger (table Valorisation) | FIX/ZC/AN/AN/R/R/ORD;FIX/ZC/AN/AN/R/R/ORD
2185;26/03/2026;104575.32;104571.24;-4.08;table Valorisation;a corriger (table Valorisation) | REV/AA/AN/FIN/R/R/ORD;REV/AA/AN/FIN/R/R/ORD
5129;26/03/2026;105326.14;105231.28;-94.86;table Valorisation;a corriger (table Valorisation) | FIX/AA/AN/FIN/R/R/FPCT;FIX/AA/AN/FIN/R/R/FPCT
9070;26/03/2026;101775.64;101775.64;0.0;table Valorisation;acceptable (tolÃ©rance Â±0,02) | REV/AA/AN/FIN/R/R/ORD;REV/AA/AN/FIN/R/R/ORD
9087;26/03/2026;103329.18;103329.18;0.0;table Valorisation;acceptable (tolÃ©rance Â±0,02) | REV/AA/AN/FIN/R/R/ORD;REV/AA/AN/FIN/R/R/ORD
9149;26/03/2026;6830.1;6830.1;0.0;table Valorisation;acceptable (tolÃ©rance Â±0,02) | FIX/ZC/AN/AN/R/R/ORD;FIX/ZC/AN/AN/R/R/ORD
9167;26/03/2026;106156.15;106156.15;0.0;table Valorisation;acceptable (tolÃ©rance Â±0,02) | FIX/AA/AN/FIN/R/R/ORD;FIX/AA/AN/FIN/R/R/ORD
9253;26/03/2026;112498.6;112247.61;-250.99;table Valorisation;a corriger (table Valorisation) | FIX/AA/AN/FIN/R/R/ORD;FIX/AA/AN/FIN/R/R/ORD
9285;26/03/2026;102927.82;102927.82;0.0;table Valorisation;acceptable (tolÃ©rance Â±0,02) | FIX/AA/AN/FIN/R/R/ORD;FIX/AA/AN/FIN/R/R/ORD
9300;26/03/2026;100760.88;100760.88;0.0;table Valorisation;acceptable (tolÃ©rance Â±0,02) | REV/AA/AN/FIN/R/R/ORD;REV/AA/AN/FIN/R/R/ORD
9302;26/03/2026;100789.09;100789.09;0.0;table Valorisation;acceptable (tolÃ©rance Â±0,02) | REV/AA/AN/FIN/R/R/ORD;REV/AA/AN/FIN/R/R/ORD
9307;26/03/2026;100960.41;100960.41;0.0;table Valorisation;acceptable (tolÃ©rance Â±0,02) | REV/AA/AN/FIN/R/R/ORD;REV/AA/AN/FIN/R/R/ORD
9313;26/03/2026;104874.4;104475.28;-399.12;table Valorisation;a corriger (table Valorisation) | FIX/AA/AN/FIN/R/R/ORD;FIX/AA/AN/FIN/R/R/ORD
9329;26/03/2026;106232.85;106232.85;0.0;table Valorisation;acceptable (tolÃ©rance Â±0,02) | FIX/AA/AN/FIN/R/R/ORD;FIX/AA/AN/FIN/R/R/ORD
9345;26/03/2026;20227.79;20227.79;0.0;table Valorisation;acceptable (tolÃ©rance Â±0,02) | REV/AA/AN/AN/R/R/ORD;REV/AA/AN/AN/R/R/ORD
9346;26/03/2026;20448.9;20448.9;0.0;table Valorisation;acceptable (tolÃ©rance Â±0,02) | FIX/ZC/AN/AN/R/R/ORD;FIX/ZC/AN/AN/R/R/ORD
9352;26/03/2026;100789.64;100789.64;0.0;table Valorisation;acceptable (tolÃ©rance Â±0,02) | REV/AA/AN/FIN/R/R/ORD;REV/AA/AN/FIN/R/R/ORD
9360;26/03/2026;101858.38;101854.89;-3.49;table Valorisation;a corriger (table Valorisation) | FIX/AA/AN/FIN/R/R/ORD;FIX/AA/AN/FIN/R/R/ORD
9362;26/03/2026;102495.52;102495.52;0.0;table Valorisation;acceptable (tolÃ©rance Â±0,02) | REV/AA/AN/FIN/R/R/ORD;REV/AA/AN/FIN/R/R/ORD
9363;26/03/2026;106940.63;106940.63;0.0;table Valorisation;acceptable (tolÃ©rance Â±0,02) | REV/AA/AN/FIN/R/R/ORD;REV/AA/AN/FIN/R/R/ORD
9369;26/03/2026;104116.89;104110.41;-6.48;table Valorisation;a corriger (table Valorisation) | FIX/AA/AN/FIN/R/R/ORD;FIX/AA/AN/FIN/R/R/ORD
9385;26/03/2026;102601.61;102588.65;-12.96;table Valorisation;a corriger (table Valorisation) | FIX/AA/AN/FIN/R/R/OBL;FIX/AA/AN/FIN/R/R/OBL
9388;26/03/2026;100681.18;100681.18;0.0;table Valorisation;acceptable (tolÃ©rance Â±0,02) | REV/AA/AN/FIN/R/R/OBL;REV/AA/AN/FIN/R/R/OBL
9389;26/03/2026;102921.62;102908.96;-12.66;table Valorisation;a corriger (table Valorisation) | REV/AA/AN/FIN/R/R/ORD;REV/AA/AN/FIN/R/R/ORD
9390;26/03/2026;101024.82;101024.82;0.0;table Valorisation;acceptable (tolÃ©rance Â±0,02) | REV/AA/AN/FIN/R/R/OBL;REV/AA/AN/FIN/R/R/OBL
9396;26/03/2026;40910.43;40910.43;0.0;table Valorisation;acceptable (tolÃ©rance Â±0,02) | REV/AA/AN/AN/R/360/ORD;REV/AA/AN/AN/R/360/ORD
9397;26/03/2026;102154.43;102154.43;0.0;table Valorisation;acceptable (tolÃ©rance Â±0,02) | REV/AA/AN/FIN/R/R/OBL;REV/AA/AN/FIN/R/R/OBL
9398;26/03/2026;104394.34;104373.83;-20.51;table Valorisation;a corriger (table Valorisation) | REV/AA/AN/FIN/R/R/ORD;REV/AA/AN/FIN/R/R/ORD
9399;26/03/2026;103401.11;103401.37;0.26;table Valorisation;a corriger (table Valorisation) | REV/AA/AN/FIN/R/R/ORD;REV/AA/AN/FIN/R/R/ORD
9408;26/03/2026;101997.85;101969.46;-28.39;table Valorisation;a corriger (table Valorisation) | REV/AA/AN/FIN/R/R/ORD;REV/AA/AN/FIN/R/R/ORD
9425;26/03/2026;100092.07;100057.58;-34.49;table Valorisation;a corriger (table Valorisation) | FIX/AA/AN/FIN/R/R/ORD;FIX/AA/AN/FIN/R/R/ORD
9428;26/03/2026;100569.87;100536.81;-33.06;table Valorisation;a corriger (table Valorisation) | REV/AA/AN/FIN/R/R/ORD;REV/AA/AN/FIN/R/R/ORD
9429;26/03/2026;101013.28;101013.28;0.0;table Valorisation;acceptable (tolÃ©rance Â±0,02) | REV/AA/AN/FIN/R/R/ORD;REV/AA/AN/FIN/R/R/ORD
9431;26/03/2026;20136.78;20136.78;0.0;table Valorisation;acceptable (tolÃ©rance Â±0,02) | FIX/ZC/AN/AN/R/R/ORD;FIX/ZC/AN/AN/R/R/ORD
9434;26/03/2026;62.49;62.49;0.0;table Valorisation;acceptable (tolÃ©rance Â±0,02) | FIX/ZC/AN/AN/R/R/OBL;FIX/ZC/AN/AN/R/R/OBL
9436;26/03/2026;98696.49;98694.82;-1.67;table Valorisation;a corriger (table Valorisation) | FIX/ZC/AN/AN/R/R/ORD;FIX/ZC/AN/AN/R/R/ORD
9444;26/03/2026;102422.59;102385.0;-37.59;table Valorisation;a corriger (table Valorisation) | FIX/AA/AN/FIN/R/R/ORD;FIX/AA/AN/FIN/R/R/ORD
9452;26/03/2026;51263.14;51263.14;0.0;table Valorisation;acceptable (tolÃ©rance Â±0,02) | FIX/ZC/AN/AN/R/R/ORD;FIX/ZC/AN/AN/R/R/ORD
9455;26/03/2026;103074.57;103074.57;0.0;table Valorisation;acceptable (tolÃ©rance Â±0,02) | REV/AA/AN/FIN/R/R/ORD;REV/AA/AN/FIN/R/R/ORD
9488;26/03/2026;101073.02;101073.02;0.0;table Valorisation;acceptable (tolÃ©rance Â±0,02) | REV/AA/AN/FIN/R/360/OBL;REV/AA/AN/FIN/R/360/OBL
9489;26/03/2026;100089.55;100087.88;-1.67;table Valorisation;a corriger (table Valorisation) | FIX/AA/AN/FIN/R/R/OBL;FIX/AA/AN/FIN/R/R/OBL
9491;26/03/2026;100609.72;100609.72;0.0;table Valorisation;acceptable (tolÃ©rance Â±0,02) | REV/AA/AN/FIN/R/360/OBL;REV/AA/AN/FIN/R/360/OBL
9492;26/03/2026;100554.73;100554.73;0.0;table Valorisation;acceptable (tolÃ©rance Â±0,02) | REV/AA/AN/FIN/R/360/OBL;REV/AA/AN/FIN/R/360/OBL
9499;26/03/2026;96909.5;96840.08;-69.42;table Valorisation;a corriger (table Valorisation) | FIX/AA/AN/FIN/R/R/OBL;FIX/AA/AN/FIN/R/R/OBL
9502;26/03/2026;20420.25;20420.25;0.0;table Valorisation;acceptable (tolÃ©rance Â±0,02) | FIX/ZC/AN/AN/R/R/OBL;FIX/ZC/AN/AN/R/R/OBL
9523;26/03/2026;99141.67;99129.04;-12.63;table Valorisation;a corriger (table Valorisation) | FIX/AA/AN/FIN/R/R/ORD;FIX/AA/AN/FIN/R/R/ORD
9524;26/03/2026;100788.03;100788.03;0.0;table Valorisation;acceptable (tolÃ©rance Â±0,02) | REV/AA/AN/FIN/R/R/ORD;REV/AA/AN/FIN/R/R/ORD
9529;26/03/2026;97284.41;97204.02;-80.39;table Valorisation;a corriger (table Valorisation) | REV/AA/AN/FIN/R/R/ORD;REV/AA/AN/FIN/R/R/ORD
9530;26/03/2026;98995.36;98982.49;-12.87;table Valorisation;a corriger (table Valorisation) | FIX/AA/AN/FIN/R/R/OBL;FIX/AA/AN/FIN/R/R/OBL
9532;26/03/2026;73708.03;73708.05;0.02;table Valorisation;acceptable (tolÃ©rance Â±0,02) | REV/AA/AN/AN/R/360/ORD;REV/AA/AN/AN/R/360/ORD
9534;26/03/2026;94301.36;93947.12;-354.24;table Valorisation;a corriger (table Valorisation) | FIX/AA/AN/FIN/R/R/ORD;FIX/AA/AN/FIN/R/R/ORD
9535;26/03/2026;98418.27;98404.6;-13.67;table Valorisation;a corriger (table Valorisation) | FIX/AA/AN/FIN/R/R/ORD;FIX/AA/AN/FIN/R/R/ORD
9542;26/03/2026;103192.28;103192.28;0.0;table Valorisation;acceptable (tolÃ©rance Â±0,02) | REV/AA/AN/FIN/R/R/ORD;REV/AA/AN/FIN/R/R/ORD
9547;26/03/2026;101996.64;101996.32;-0.32;table Valorisation;a corriger (table Valorisation) | REV/AA/AN/FIN/R/360/OBL;REV/AA/AN/FIN/R/360/OBL
9549;26/03/2026;102805.51;102805.51;0.0;table Valorisation;acceptable (tolÃ©rance Â±0,02) | REV/AA/AN/FIN/R/R/ORD;REV/AA/AN/FIN/R/R/ORD
9567;26/03/2026;101003.43;101003.43;0.0;table Valorisation;acceptable (tolÃ©rance Â±0,02) | REV/AA/AN/FIN/R/R/ORD;REV/AA/AN/FIN/R/R/ORD
9571;26/03/2026;100939.86;100939.86;0.0;table Valorisation;acceptable (tolÃ©rance Â±0,02) | REV/AA/AN/FIN/R/R/ORD;REV/AA/AN/FIN/R/R/ORD
9572;26/03/2026;100438.35;100436.6;-1.75;table Valorisation;a corriger (table Valorisation) | REV/AA/AN/FIN/R/R/ORD;REV/AA/AN/FIN/R/R/ORD
9576;26/03/2026;100046.07;100020.62;-25.45;table Valorisation;a corriger (table Valorisation) | REV/AA/AN/FIN/R/360/OBL;REV/AA/AN/FIN/R/360/OBL
9582;26/03/2026;102908.58;102908.25;-0.33;table Valorisation;a corriger (table Valorisation) | REV/AA/AN/FIN/R/R/ORD;REV/AA/AN/FIN/R/R/ORD
100844;26/03/2026;101978.2;101978.2;0.0;table Valorisation;acceptable (tolÃ©rance Â±0,02) | FIX/AA/AN/FIN/R/R/BSF;FIX/AA/AN/FIN/R/R/BSF
100856;26/03/2026;101358.84;101358.84;0.0;table Valorisation;acceptable (tolÃ©rance Â±0,02) | FIX/AA/AN/FIN/R/R/BSF;FIX/AA/AN/FIN/R/R/BSF
100899;26/03/2026;103293.41;103293.41;0.0;table Valorisation;acceptable (tolÃ©rance Â±0,02) | FIX/AA/AN/FIN/R/R/BSF;FIX/AA/AN/FIN/R/R/BSF
100902;26/03/2026;102813.14;102813.14;0.0;table Valorisation;acceptable (tolÃ©rance Â±0,02) | FIX/AA/AN/FIN/R/R/BSF;FIX/AA/AN/FIN/R/R/BSF
100904;26/03/2026;103809.46;103809.46;0.0;table Valorisation;acceptable (tolÃ©rance Â±0,02) | FIX/AA/AN/FIN/R/R/BSF;FIX/AA/AN/FIN/R/R/BSF
100905;26/03/2026;102687.34;102686.86;-0.48;table Valorisation;a corriger (table Valorisation) | FIX/AA/AN/FIN/R/R/BSF;FIX/AA/AN/FIN/R/R/BSF
201350;26/03/2026;128536.96;127119.37;-1417.59;table Valorisation;a corriger (table Valorisation) | FIX/AA/AN/FIN/R/R/BDT;FIX/AA/AN/FIN/R/R/BDT
201379;26/03/2026;106526.24;106480.74;-45.5;table Valorisation;a corriger (table Valorisation) | FIX/AA/AN/FIN/R/R/BDT;FIX/AA/AN/FIN/R/R/BDT
201386;26/03/2026;109588.02;109291.04;-296.98;table Valorisation;a corriger (table Valorisation) | FIX/AA/AN/FIN/R/R/BDT;FIX/AA/AN/FIN/R/R/BDT
201408;26/03/2026;102968.99;102968.99;0.0;table Valorisation;acceptable (tolÃ©rance Â±0,02) | FIX/AA/AN/FIN/R/R/BDT;FIX/AA/AN/FIN/R/R/BDT
201409;26/03/2026;116872.7;115298.91;-1573.79;table Valorisation;a corriger (table Valorisation) | FIX/AA/AN/FIN/R/R/BDT;FIX/AA/AN/FIN/R/R/BDT
201426;26/03/2026;103892.54;103560.42;-332.12;table Valorisation;a corriger (table Valorisation) | FIX/TA/AN/FIN/R/R/BDT;FIX/TA/AN/FIN/R/R/BDT
201432;26/03/2026;102711.77;102639.06;-72.71;table Valorisation;a corriger (table Valorisation) | FIX/TA/AN/FIN/R/R/BDT;FIX/TA/AN/FIN/R/R/BDT
201465;26/03/2026;103264.75;103264.75;0.0;table Valorisation;acceptable (tolÃ©rance Â±0,02) | FIX/AA/AN/FIN/R/R/BDT;FIX/AA/AN/FIN/R/R/BDT
201516;26/03/2026;105825.07;105680.78;-144.29;table Valorisation;a corriger (table Valorisation) | FIX/AA/AN/FIN/R/R/BDT;FIX/AA/AN/FIN/R/R/BDT
201519;26/03/2026;103798.39;103794.07;-4.32;table Valorisation;a corriger (table Valorisation) | FIX/AA/AN/FIN/R/R/BDT;FIX/AA/AN/FIN/R/R/BDT
201524;26/03/2026;107277.76;106695.94;-581.82;table Valorisation;a corriger (table Valorisation) | FIX/TA/AN/FIN/R/R/BDT;FIX/TA/AN/FIN/R/R/BDT
201535;26/03/2026;104077.63;104056.09;-21.54;table Valorisation;a corriger (table Valorisation) | FIX/TA/AN/FIN/R/R/BDT;FIX/TA/AN/FIN/R/R/BDT
201536;26/03/2026;104301.43;104119.84;-181.59;table Valorisation;a corriger (table Valorisation) | FIX/TA/AN/FIN/R/R/BDT;FIX/TA/AN/FIN/R/R/BDT
201551;26/03/2026;101218.51;100476.33;-742.18;table Valorisation;a corriger (table Valorisation) | FIX/TA/AN/FIN/R/R/BDT;FIX/TA/AN/FIN/R/R/BDT
201552;26/03/2026;100916.01;100873.25;-42.76;table Valorisation;a corriger (table Valorisation) | FIX/AA/AN/FIN/R/R/BDT;FIX/AA/AN/FIN/R/R/BDT
201553;26/03/2026;102747.07;99855.12;-2891.95;table Valorisation;a corriger (table Valorisation) | FIX/AA/AN/FIN/R/R/BDT;FIX/AA/AN/FIN/R/R/BDT
201554;26/03/2026;99823.07;99573.71;-249.36;table Valorisation;a corriger (table Valorisation) | FIX/AA/AN/FIN/R/R/BDT;FIX/AA/AN/FIN/R/R/BDT
201627;26/03/2026;93301.88;90145.85;-3156.03;table Valorisation;a corriger (table Valorisation) | FIX/TA/AN/FIN/R/R/BDT;FIX/TA/AN/FIN/R/R/BDT
201630;26/03/2026;101889.38;101889.38;0.0;table Valorisation;acceptable (tolÃ©rance Â±0,02) | FIX/TA/AN/FIN/R/R/BDT;FIX/TA/AN/FIN/R/R/BDT
201631;26/03/2026;96839.79;96523.65;-316.14;table Valorisation;a corriger (table Valorisation) | FIX/TA/AN/FIN/R/R/BDT;FIX/TA/AN/FIN/R/R/BDT
201646;26/03/2026;93413.67;92607.47;-806.2;table Valorisation;a corriger (table Valorisation) | FIX/AA/AN/FIN/R/R/BDT;FIX/AA/AN/FIN/R/R/BDT
201651;26/03/2026;98028.17;97958.47;-69.7;table Valorisation;a corriger (table Valorisation) | FIX/AA/AN/FIN/R/R/BDT;FIX/AA/AN/FIN/R/R/BDT
201657;26/03/2026;100621.83;100621.83;0.0;table Valorisation;acceptable (tolÃ©rance Â±0,02) | FIX/AA/AN/FIN/R/R/BDT;FIX/AA/AN/FIN/R/R/BDT
201671;26/03/2026;101115.84;101114.74;-1.1;table Valorisation;a corriger (table Valorisation) | FIX/AA/AN/FIN/R/R/BDT;FIX/AA/AN/FIN/R/R/BDT
201677;26/03/2026;97766.94;97669.19;-97.75;table Valorisation;a corriger (table Valorisation) | FIX/TA/AN/FIN/R/R/BDT;FIX/TA/AN/FIN/R/R/BDT
201678;26/03/2026;100148.26;100148.26;0.0;table Valorisation;acceptable (tolÃ©rance Â±0,02) | FIX/TA/AN/FIN/R/R/BDT;FIX/TA/AN/FIN/R/R/BDT
201791;26/03/2026;106082.12;106076.08;-6.04;table Valorisation;a corriger (table Valorisation) | FIX/TA/AN/FIN/R/R/BDT;FIX/TA/AN/FIN/R/R/BDT
201792;26/03/2026;109666.73;109527.7;-139.03;table Valorisation;a corriger (table Valorisation) | FIX/TA/AN/FIN/R/R/BDT;FIX/TA/AN/FIN/R/R/BDT
201793;26/03/2026;117477.5;116341.94;-1135.56;table Valorisation;a corriger (table Valorisation) | FIX/AA/AN/FIN/R/R/BDT;FIX/AA/AN/FIN/R/R/BDT
201808;26/03/2026;117645.67;117045.0;-600.67;table Valorisation;a corriger (table Valorisation) | FIX/AA/AN/FIN/R/R/BDT;FIX/AA/AN/FIN/R/R/BDT
201809;26/03/2026;124961.74;119155.24;-5806.5;table Valorisation;a corriger (table Valorisation) | FIX/AA/AN/FIN/R/R/BDT;FIX/AA/AN/FIN/R/R/BDT
201821;26/03/2026;110899.66;110713.36;-186.3;table Valorisation;a corriger (table Valorisation) | FIX/AA/AN/FIN/R/R/BDT;FIX/AA/AN/FIN/R/R/BDT
201822;26/03/2026;113106.03;112409.25;-696.78;table Valorisation;a corriger (table Valorisation) | FIX/AA/AN/FIN/R/R/BDT;FIX/AA/AN/FIN/R/R/BDT
152053;26/03/2026;102966.86;102966.86;0.0;table Valorisation;acceptable (tolÃ©rance Â±0,02) | REV/AA/AN/FIN/R/R/CD;REV/AA/AN/FIN/R/R/CD
152236;26/03/2026;102814.14;102814.14;0.0;table Valorisation;acceptable (tolÃ©rance Â±0,02) | FIX/AA/AN/FIN/R/R/CD;FIX/AA/AN/FIN/R/R/CD
152397;26/03/2026;101629.55;101629.55;0.0;table Valorisation;acceptable (tolÃ©rance Â±0,02) | FIX/TA/AN/FIN/R/R/CD;FIX/TA/AN/FIN/R/R/CD
152398;26/03/2026;100677.75;100671.39;-6.36;table Valorisation;a corriger (table Valorisation) | FIX/AA/AN/FIN/R/R/CD;FIX/AA/AN/FIN/R/R/CD
152444;26/03/2026;99283.34;99270.92;-12.42;table Valorisation;a corriger (table Valorisation) | FIX/AA/AN/FIN/R/R/CD;FIX/AA/AN/FIN/R/R/CD
152473;26/03/2026;99674.1;99650.29;-23.81;table Valorisation;a corriger (table Valorisation) | FIX/AA/AN/FIN/R/R/CD;FIX/AA/AN/FIN/R/R/CD
152504;26/03/2026;102127.55;102127.55;0.0;table Valorisation;acceptable (tolÃ©rance Â±0,02) | REV/AA/AN/FIN/R/360/CD;REV/AA/AN/FIN/R/360/CD
152806;26/03/2026;103658.03;103658.03;0.0;table Valorisation;acceptable (tolÃ©rance Â±0,02) | FIX/AA/AN/FIN/R/R/CD;FIX/AA/AN/FIN/R/R/CD
200792;26/03/2026;104678.47;104678.47;0.0;table Valorisation;acceptable (tolÃ©rance Â±0,02) | FIX/AA/AN/FIN/R/R/BDT;FIX/AA/AN/FIN/R/R/BDT
200802;26/03/2026;111437.15;111061.85;-375.3;table Valorisation;a corriger (table Valorisation) | FIX/AA/AN/FIN/R/R/BDT;FIX/AA/AN/FIN/R/R/BDT
200999;26/03/2026;109326.29;109290.81;-35.48;table Valorisation;a corriger (table Valorisation) | FIX/AA/AN/FIN/R/R/BDT;FIX/AA/AN/FIN/R/R/BDT
201093;26/03/2026;106055.85;106054.79;-1.06;table Valorisation;a corriger (table Valorisation) | FIX/AA/AN/FIN/R/R/BDT;FIX/AA/AN/FIN/R/R/BDT
201317;26/03/2026;113281.95;113263.67;-18.28;table Valorisation;a corriger (table Valorisation) | FIX/TA/AN/FIN/R/R/BDT;FIX/TA/AN/FIN/R/R/BDT
201328;26/03/2026;124072.29;123886.84;-185.45;table Valorisation;a corriger (table Valorisation) | FIX/AA/AN/FIN/R/R/BDT;FIX/AA/AN/FIN/R/R/BDT
201331;26/03/2026;111592.68;111565.96;-26.72;table Valorisation;a corriger (table Valorisation) | FIX/AA/AN/FIN/R/R/BDT;FIX/AA/AN/FIN/R/R/BDT
201344;26/03/2026;118716.1;118471.15;-244.95;table Valorisation;a corriger (table Valorisation) | FIX/AA/AN/FIN/R/R/BDT;FIX/AA/AN/FIN/R/R/BDT
SEK;26/03/2026;1.0;;;absent referentiel_titre;prix manquant;profil inconnu
GBP;26/03/2026;12.48;;;absent referentiel_titre;prix manquant;profil inconnu
CAD;26/03/2026;6.76;;;absent referentiel_titre;prix manquant;profil inconnu
JPY;26/03/2026;0.06;;;absent referentiel_titre;prix manquant;profil inconnu
USD;26/03/2026;9.32;;;absent referentiel_titre;prix manquant;profil inconnu
EURO;26/03/2026;10.81;;;absent referentiel_titre;prix manquant;profil inconnu
TND;26/03/2026;3.19;;;absent referentiel_titre;prix manquant;profil inconnu
XS2080771806;26/03/2026;868.92;921.48;52.56;table Valorisation;a corriger (table Valorisation) | FIX/CC/AN/FIN/R/R/BDT;FIX/CC/AN/FIN/R/R/BDT
XS2355149316;26/03/2026;926.18;1042.7;116.52;table Valorisation;a corriger (table Valorisation) | FIX/CC/SEM/FIN/R/R/ORD;FIX/CC/SEM/FIN/R/R/ORD
XS2239830222;26/03/2026;1013.48;1013.54;0.06;table Valorisation;a corriger (table Valorisation) | FIX/CC/AN/FIN/R/R/BDT;FIX/CC/AN/FIN/R/R/BDT
XS2270576965;26/03/2026;872.71;826.77;-45.94;table Valorisation;a corriger (table Valorisation) | FIX/CC/SEM/FIN/R/R/BDT;FIX/CC/SEM/FIN/R/R/BDT
XS2595028700;26/03/2026;1064.01;1006.99;-57.02;table Valorisation;a corriger (table Valorisation) | FIX/CC/SEM/FIN/R/R/BDT;FIX/CC/SEM/FIN/R/R/BDT
XS2595028452;26/03/2026;1021.23;1014.3;-6.93;table Valorisation;a corriger (table Valorisation) | FIX/CC/SEM/FIN/R/R/BDT;FIX/CC/SEM/FIN/R/R/BDT
XS2270576619;26/03/2026;967.46;959.82;-7.64;table Valorisation;a corriger (table Valorisation) | FIX/CC/SEM/FIN/R/R/BDT;FIX/CC/SEM/FIN/R/R/BDT
XS2239829216;26/03/2026;933.51;983.09;49.58;table Valorisation;a corriger (table Valorisation) | FIX/CC/AN/FIN/R/R/BDT;FIX/CC/AN/FIN/R/R/BDT
XS2810168737;26/03/2026;1072.34;1286.58;214.24;table Valorisation;a corriger (table Valorisation) | FIX/CC/SEM/FIN/R/360/ORD;FIX/CC/SEM/FIN/R/360/ORD
XS2810168810;26/03/2026;1095.71;1659.06;563.35;table Valorisation;a corriger (table Valorisation) | FIX/CC/SEM/FIN/R/360/ORD;FIX/CC/SEM/FIN/R/360/ORD
XS1061043367;26/03/2026;1043.84;1482.71;438.87;table Valorisation;a corriger (table Valorisation) | FIX/CC/SEM/FIN/R/360/ORD;FIX/CC/SEM/FIN/R/360/ORD
XS0864259717;26/03/2026;946.04;840.72;-105.32;table Valorisation;a corriger (table Valorisation) | FIX/CC/SEM/FIN/R/R/BDT;FIX/CC/SEM/FIN/R/R/BDT
XS3041270664;26/03/2026;1035.62;1068.06;32.44;table Valorisation;a corriger (table Valorisation) | FIX/CC/AN/FIN/R/R/BDT;FIX/CC/AN/FIN/R/R/BDT
XS3040573191;26/03/2026;1040.17;1293.46;253.29;table Valorisation;a corriger (table Valorisation) | FIX/CC/SEM/FIN/R/R/ORD;FIX/CC/SEM/FIN/R/R/ORD
XS3040572979;26/03/2026;1044.74;1145.32;100.58;table Valorisation;a corriger (table Valorisation) | FIX/CC/SEM/FIN/R/R/ORD;FIX/CC/SEM/FIN/R/R/ORD
XS2270577344;26/03/2026;711.22;569.45;-141.77;table Valorisation;a corriger (table Valorisation) | FIX/CC/SEM/FIN/R/R/BDT;FIX/CC/SEM/FIN/R/R/BDT
9677;26/03/2026;99474.17;99385.99;-88.18;table Valorisation;a corriger (table Valorisation) | FIX/AA/AN/FIN/R/R/OBL;FIX/AA/AN/FIN/R/R/OBL
101029;26/03/2026;100268.41;100266.58;-1.83;table Valorisation;a corriger (table Valorisation) | FIX/AA/AN/FIN/R/R/BSF;FIX/AA/AN/FIN/R/R/BSF
201836;26/03/2026;115684.86;114446.2;-1238.66;table Valorisation;a corriger (table Valorisation) | FIX/AA/AN/FIN/R/R/BDT;FIX/AA/AN/FIN/R/R/BDT
9686;26/03/2026;101609.8;101609.75;-0.05;table Valorisation;a corriger (table Valorisation) | FIX/ZC/AN/AN/R/R/ORD;FIX/ZC/AN/AN/R/R/ORD
152880;26/03/2026;100115.35;100109.02;-6.33;table Valorisation;a corriger (table Valorisation) | REV/AA/AN/FIN/R/360/CD;REV/AA/AN/FIN/R/360/CD
153108;26/03/2026;101307.83;101307.83;0.0;table Valorisation;acceptable (tolÃ©rance Â±0,02) | FIX/AA/AN/FIN/R/R/CD;FIX/AA/AN/FIN/R/R/CD
201913;26/03/2026;101087.84;101087.84;0.0;table Valorisation;acceptable (tolÃ©rance Â±0,02) | FIX/AA/AN/FIN/R/R/BDT;FIX/AA/AN/FIN/R/R/BDT
153131;26/03/2026;100057.59;100045.01;-12.58;table Valorisation;a corriger (table Valorisation) | FIX/AA/AN/FIN/R/R/CD;FIX/AA/AN/FIN/R/R/CD
9644;26/03/2026;101781.93;101582.5;-199.43;table Valorisation;a corriger (table Valorisation) | FIX/AA/AN/FIN/R/R/ORD;FIX/AA/AN/FIN/R/R/ORD
152932;26/03/2026;103247.8;103247.8;0.0;table Valorisation;acceptable (tolÃ©rance Â±0,02) | FIX/AA/AN/FIN/R/R/CD;FIX/AA/AN/FIN/R/R/CD
101032;26/03/2026;99618.86;99602.39;-16.47;table Valorisation;a corriger (table Valorisation) | FIX/AA/AN/FIN/R/R/BSF;FIX/AA/AN/FIN/R/R/BSF
9756;26/03/2026;100067.31;100067.31;0.0;table Valorisation;acceptable (tolÃ©rance Â±0,02) | REV/AA/TRI/FIN/R/360/OBL;REV/AA/TRI/FIN/R/360/OBL
100945;26/03/2026;102897.47;102897.47;0.0;table Valorisation;acceptable (tolÃ©rance Â±0,02) | FIX/AA/AN/FIN/R/R/BSF;FIX/AA/AN/FIN/R/R/BSF
5156;26/03/2026;100728.94;99932.45;-796.49;table Valorisation;a corriger (table Valorisation) | REV/ZC/AN/AN/R/R/FPCT;REV/ZC/AN/AN/R/R/FPCT
9619;26/03/2026;101678.8;101678.8;0.0;table Valorisation;acceptable (tolÃ©rance Â±0,02) | REV/AA/AN/AN/R/360/OBL;REV/AA/AN/AN/R/360/OBL
9637;26/03/2026;103234.86;103049.33;-185.53;table Valorisation;a corriger (table Valorisation) | FIX/AA/AN/FIN/R/R/OBL;FIX/AA/AN/FIN/R/R/OBL
5172;26/03/2026;100811.72;100810.18;-1.54;table Valorisation;a corriger (table Valorisation) | FIX/AA/AN/FIN/R/R/FPCT;FIX/AA/AN/FIN/R/R/FPCT
201905;26/03/2026;96998.79;96252.03;-746.76;table Valorisation;a corriger (table Valorisation) | FIX/AA/AN/FIN/R/R/BDT;FIX/AA/AN/FIN/R/R/BDT
201935;26/03/2026;100101.42;100094.78;-6.64;table Valorisation;a corriger (table Valorisation) | FIX/AA/AN/FIN/R/R/BDT;FIX/AA/AN/FIN/R/R/BDT
100985;26/03/2026;102726.81;102722.99;-3.82;table Valorisation;a corriger (table Valorisation) | FIX/AA/AN/FIN/R/R/BSF;FIX/AA/AN/FIN/R/R/BSF
152435;26/03/2026;100914.52;100914.52;0.0;table Valorisation;acceptable (tolÃ©rance Â±0,02) | FIX/AA/AN/FIN/R/R/CD;FIX/AA/AN/FIN/R/R/CD
100986;26/03/2026;102718.03;102714.21;-3.82;table Valorisation;a corriger (table Valorisation) | FIX/AA/AN/FIN/R/R/BSF;FIX/AA/AN/FIN/R/R/BSF
201763;26/03/2026;100626.71;100093.11;-533.6;table Valorisation;a corriger (table Valorisation) | REV/AA/AN/FIN/R/360/BDT;REV/AA/AN/FIN/R/360/BDT
152931;26/03/2026;104083.49;104083.49;0.0;table Valorisation;acceptable (tolÃ©rance Â±0,02) | FIX/AA/AN/FIN/R/R/CD;FIX/AA/AN/FIN/R/R/CD
100962;26/03/2026;101638.83;101638.83;0.0;table Valorisation;acceptable (tolÃ©rance Â±0,02) | FIX/AA/AN/FIN/R/R/BSF;FIX/AA/AN/FIN/R/R/BSF
153146;26/03/2026;100560.57;100560.57;0.0;table Valorisation;acceptable (tolÃ©rance Â±0,02) | FIX/AA/AN/FIN/R/360/CD;FIX/AA/AN/FIN/R/360/CD
201906;26/03/2026;101506.61;101506.61;0.0;table Valorisation;acceptable (tolÃ©rance Â±0,02) | FIX/AA/AN/FIN/R/R/BDT;FIX/AA/AN/FIN/R/R/BDT
153100;26/03/2026;101532.03;101532.03;0.0;table Valorisation;acceptable (tolÃ©rance Â±0,02) | FIX/AA/AN/FIN/R/360/CD;FIX/AA/AN/FIN/R/360/CD
153125;26/03/2026;99502.94;99445.05;-57.89;table Valorisation;a corriger (table Valorisation) | FIX/AA/AN/FIN/R/R/CD;FIX/AA/AN/FIN/R/R/CD
100972;26/03/2026;100642.63;100642.63;0.0;table Valorisation;acceptable (tolÃ©rance Â±0,02) | FIX/AA/AN/FIN/R/R/BSF;FIX/AA/AN/FIN/R/R/BSF
9639;26/03/2026;101240.33;101240.33;0.0;table Valorisation;acceptable (tolÃ©rance Â±0,02) | REV/AA/AN/FIN/R/R/ORD;REV/AA/AN/FIN/R/R/ORD
201868;26/03/2026;101263.54;101263.54;0.0;table Valorisation;acceptable (tolÃ©rance Â±0,02) | FIX/AA/AN/FIN/R/R/BDT;FIX/AA/AN/FIN/R/R/BDT
201941;26/03/2026;99557.94;99548.17;-9.77;table Valorisation;a corriger (table Valorisation) | FIX/AA/AN/FIN/R/R/BDT;FIX/AA/AN/FIN/R/R/BDT
100964;26/03/2026;101412.25;101378.83;-33.42;table Valorisation;a corriger (table Valorisation) | FIX/AA/AN/FIN/R/R/BSF;FIX/AA/AN/FIN/R/R/BSF
153078;26/03/2026;101074.97;101037.64;-37.33;table Valorisation;a corriger (table Valorisation) | FIX/AA/AN/FIN/R/R/CD;FIX/AA/AN/FIN/R/R/CD
9764;26/03/2026;100893.52;100893.52;0.0;table Valorisation;acceptable (tolÃ©rance Â±0,02) | REV/AA/AN/FIN/R/360/OBL;REV/AA/AN/FIN/R/360/OBL
153101;26/03/2026;101198.55;101198.55;0.0;table Valorisation;acceptable (tolÃ©rance Â±0,02) | FIX/AA/AN/FIN/R/R/CD;FIX/AA/AN/FIN/R/R/CD
9653;26/03/2026;100624.46;100624.46;0.0;table Valorisation;acceptable (tolÃ©rance Â±0,02) | REV/AA/AN/FIN/R/R/OBL;REV/AA/AN/FIN/R/R/OBL
5167;26/03/2026;101241.34;101241.34;0.0;table Valorisation;acceptable (tolÃ©rance Â±0,02) | FIX/ZC/AN/AN/R/R/FPCT;FIX/ZC/AN/AN/R/R/FPCT
9596;26/03/2026;116168.52;115098.19;-1070.33;table Valorisation;a corriger (table Valorisation) | REV/AA/AN/FIN/R/R/ORD;REV/AA/AN/FIN/R/R/ORD
101030;26/03/2026;99696.15;99679.63;-16.52;table Valorisation;a corriger (table Valorisation) | FIX/AA/AN/FIN/R/R/BSF;FIX/AA/AN/FIN/R/R/BSF
152877;26/03/2026;101175.48;101175.48;0.0;table Valorisation;acceptable (tolÃ©rance Â±0,02) | FIX/AA/AN/FIN/R/R/CD;FIX/AA/AN/FIN/R/R/CD
201939;26/03/2026;99919.75;99910.25;-9.5;table Valorisation;a corriger (table Valorisation) | FIX/AA/AN/FIN/R/R/BDT;FIX/AA/AN/FIN/R/R/BDT
9652;26/03/2026;100588.46;100588.46;0.0;table Valorisation;acceptable (tolÃ©rance Â±0,02) | REV/AA/AN/AN/R/R/OBL;REV/AA/AN/AN/R/R/OBL
9702;26/03/2026;102079.08;102079.08;0.0;table Valorisation;acceptable (tolÃ©rance Â±0,02) | REV/AA/AN/AN/R/360/OBL;REV/AA/AN/AN/R/360/OBL
9753;26/03/2026;97503.68;91936.57;-5567.11;table Valorisation;a corriger (table Valorisation) | FIX/AA/AN/FIN/R/R/ORD;FIX/AA/AN/FIN/R/R/ORD
101010;26/03/2026;100792.16;100792.16;0.0;table Valorisation;acceptable (tolÃ©rance Â±0,02) | FIX/AA/AN/FIN/R/R/BSF;FIX/AA/AN/FIN/R/R/BSF
153024;26/03/2026;104274.04;104274.04;0.0;table Valorisation;acceptable (tolÃ©rance Â±0,02) | FIX/AA/AN/FIN/R/R/CD;FIX/AA/AN/FIN/R/R/CD
9660;26/03/2026;100906.28;100906.28;0.0;table Valorisation;acceptable (tolÃ©rance Â±0,02) | REV/AA/AN/FIN/R/360/OBL;REV/AA/AN/FIN/R/360/OBL
201854;26/03/2026;114430.39;108260.81;-6169.58;table Valorisation;a corriger (table Valorisation) | FIX/AA/AN/FIN/R/R/BDT;FIX/AA/AN/FIN/R/R/BDT
100977;26/03/2026;100393.43;100389.83;-3.6;table Valorisation;a corriger (table Valorisation) | FIX/AA/AN/FIN/R/R/BSF;FIX/AA/AN/FIN/R/R/BSF
9634;26/03/2026;106141.24;105569.88;-571.36;table Valorisation;a corriger (table Valorisation) | FIX/AA/AN/FIN/R/R/ORD;FIX/AA/AN/FIN/R/R/ORD
9747;26/03/2026;100773.4;100773.4;0.0;table Valorisation;acceptable (tolÃ©rance Â±0,02) | REV/AA/AN/FIN/R/360/OBL;REV/AA/AN/FIN/R/360/OBL
9615;26/03/2026;102139.97;102139.97;0.0;table Valorisation;acceptable (tolÃ©rance Â±0,02) | REV/AA/AN/FIN/R/360/OBL;REV/AA/AN/FIN/R/360/OBL
100948;26/03/2026;77169.95;77169.95;0.0;table Valorisation;acceptable (tolÃ©rance Â±0,02) | FIX/ZC/AN/AN/R/R/BSF;FIX/ZC/AN/AN/R/R/BSF
101009;26/03/2026;100391.81;100382.43;-9.38;table Valorisation;a corriger (table Valorisation) | FIX/AA/AN/FIN/R/R/BSF;FIX/AA/AN/FIN/R/R/BSF
100987;26/03/2026;102777.66;102777.66;0.0;table Valorisation;acceptable (tolÃ©rance Â±0,02) | FIX/AA/AN/FIN/R/R/BSF;FIX/AA/AN/FIN/R/R/BSF
201940;26/03/2026;100194.67;100194.67;0.0;table Valorisation;acceptable (tolÃ©rance Â±0,02) | FIX/AA/AN/FIN/R/360/BDT;FIX/AA/AN/FIN/R/360/BDT
100928;26/03/2026;101255.64;101255.64;0.0;table Valorisation;acceptable (tolÃ©rance Â±0,02) | FIX/AA/AN/FIN/R/R/BSF;FIX/AA/AN/FIN/R/R/BSF
100941;26/03/2026;103170.9;103170.9;0.0;table Valorisation;acceptable (tolÃ©rance Â±0,02) | FIX/AA/AN/FIN/R/R/BSF;FIX/AA/AN/FIN/R/R/BSF
100996;26/03/2026;101486.87;101480.43;-6.44;table Valorisation;a corriger (table Valorisation) | FIX/AA/AN/FIN/R/R/BSF;FIX/AA/AN/FIN/R/R/BSF
141177;26/03/2026;101638.05;101638.05;0.0;table Valorisation;acceptable (tolÃ©rance Â±0,02) | FIX/AA/AN/FIN/R/360/BT;FIX/AA/AN/FIN/R/360/BT
201862;26/03/2026;106795.33;106761.15;-34.18;table Valorisation;a corriger (table Valorisation) | FIX/AA/AN/FIN/R/R/BDT;FIX/AA/AN/FIN/R/R/BDT
100988;26/03/2026;101897.02;101856.87;-40.15;table Valorisation;a corriger (table Valorisation) | FIX/AA/AN/FIN/R/R/BSF;FIX/AA/AN/FIN/R/R/BSF
9700;26/03/2026;101270.59;101233.79;-36.8;table Valorisation;a corriger (table Valorisation) | REV/AA/AN/FIN/R/R/OBL;REV/AA/AN/FIN/R/R/OBL
9500;26/03/2026;98542.88;98543.53;0.65;table Valorisation;a corriger (table Valorisation) | FIX/ZC/AN/AN/R/R/ORD;FIX/ZC/AN/AN/R/R/ORD
9684;26/03/2026;100854.63;100854.63;0.0;table Valorisation;acceptable (tolÃ©rance Â±0,02) | REV/AA/SEM/FIN/R/360/ORD;REV/AA/SEM/FIN/R/360/ORD
9593;26/03/2026;100748.68;100747.96;-0.72;table Valorisation;a corriger (table Valorisation) | REV/AA/AN/FIN/R/360/ORD;REV/AA/AN/FIN/R/360/ORD
101008;26/03/2026;100887.28;100887.28;0.0;table Valorisation;acceptable (tolÃ©rance Â±0,02) | FIX/AA/AN/FIN/R/R/BSF;FIX/AA/AN/FIN/R/R/BSF
100998;26/03/2026;100978.21;100971.68;-6.53;table Valorisation;a corriger (table Valorisation) | FIX/AA/AN/FIN/R/R/BSF;FIX/AA/AN/FIN/R/R/BSF
9606;26/03/2026;100551.75;100551.75;0.0;table Valorisation;acceptable (tolÃ©rance Â±0,02) | REV/AA/AN/AN/R/360/OBL;REV/AA/AN/AN/R/360/OBL
201870;26/03/2026;106791.06;106012.04;-779.02;table Valorisation;a corriger (table Valorisation) | FIX/AA/AN/FIN/R/R/BDT;FIX/AA/AN/FIN/R/R/BDT
153110;26/03/2026;101233.54;101233.54;0.0;table Valorisation;acceptable (tolÃ©rance Â±0,02) | FIX/AA/AN/FIN/R/360/CD;FIX/AA/AN/FIN/R/360/CD
9393;26/03/2026;102756.9;102756.9;0.0;table Valorisation;acceptable (tolÃ©rance Â±0,02) | FIX/AA/AN/FIN/R/R/OBL;FIX/AA/AN/FIN/R/R/OBL
9654;26/03/2026;101065.62;100984.26;-81.36;table Valorisation;a corriger (table Valorisation) | FIX/AA/AN/FIN/R/R/OBL;FIX/AA/AN/FIN/R/R/OBL
9755;26/03/2026;100064.85;100064.85;0.0;table Valorisation;acceptable (tolÃ©rance Â±0,02) | REV/AA/TRI/FIN/R/360/OBL;REV/AA/TRI/FIN/R/360/OBL
9690;26/03/2026;100049.23;100049.23;0.0;table Valorisation;acceptable (tolÃ©rance Â±0,02) | REV/AA/TRI/FIN/R/360/OBL;REV/AA/TRI/FIN/R/360/OBL
201919;26/03/2026;98262.17;98198.66;-63.51;table Valorisation;a corriger (table Valorisation) | FIX/AA/AN/FIN/R/R/BDT;FIX/AA/AN/FIN/R/R/BDT
100952;26/03/2026;101718.82;101718.82;0.0;table Valorisation;acceptable (tolÃ©rance Â±0,02) | REV/AA/AN/FIN/R/360/BSF;REV/AA/AN/FIN/R/360/BSF
201896;26/03/2026;99656.75;99419.92;-236.83;table Valorisation;a corriger (table Valorisation) | FIX/AA/AN/FIN/R/R/BDT;FIX/AA/AN/FIN/R/R/BDT
100959;26/03/2026;101743.37;101743.37;0.0;table Valorisation;acceptable (tolÃ©rance Â±0,02) | FIX/AA/AN/FIN/R/R/BSF;FIX/AA/AN/FIN/R/R/BSF
201841;26/03/2026;110670.34;110034.99;-635.35;table Valorisation;a corriger (table Valorisation) | FIX/AA/AN/FIN/R/R/BDT;FIX/AA/AN/FIN/R/R/BDT
100974;26/03/2026;100299.08;100283.02;-16.06;table Valorisation;a corriger (table Valorisation) | FIX/AA/AN/FIN/R/R/BSF;FIX/AA/AN/FIN/R/R/BSF
100951;26/03/2026;102926.76;102926.76;0.0;table Valorisation;acceptable (tolÃ©rance Â±0,02) | FIX/AA/AN/FIN/R/R/BSF;FIX/AA/AN/FIN/R/R/BSF
101031;26/03/2026;99869.59;99865.89;-3.7;table Valorisation;a corriger (table Valorisation) | FIX/AA/AN/FIN/R/R/BSF;FIX/AA/AN/FIN/R/R/BSF
153132;26/03/2026;100703.35;100703.35;0.0;table Valorisation;acceptable (tolÃ©rance Â±0,02) | REV/AA/AN/FIN/R/R/CD;REV/AA/AN/FIN/R/R/CD
141184;26/03/2026;100376.57;100376.57;0.0;table Valorisation;acceptable (tolÃ©rance Â±0,02) | FIX/AA/SEM/FIN/R/360/BT;FIX/AA/SEM/FIN/R/360/BT
9758;26/03/2026;100635.74;100635.74;0.0;table Valorisation;acceptable (tolÃ©rance Â±0,02) | REV/AA/AN/AN/R/360/ORD;REV/AA/AN/AN/R/360/ORD
153154;26/03/2026;100158.47;100158.47;0.0;table Valorisation;acceptable (tolÃ©rance Â±0,02) | FIX/AA/SEM/FIN/R/360/CD;FIX/AA/SEM/FIN/R/360/CD
101022;26/03/2026;100292.04;100279.23;-12.81;table Valorisation;a corriger (table Valorisation) | FIX/AA/AN/FIN/R/R/BSF;FIX/AA/AN/FIN/R/R/BSF
100946;26/03/2026;104712.69;104691.17;-21.52;table Valorisation;a corriger (table Valorisation) | FIX/AA/AN/FIN/R/R/BSF;FIX/AA/AN/FIN/R/R/BSF
101000;26/03/2026;99509.73;99466.71;-43.02;table Valorisation;a corriger (table Valorisation) | FIX/AA/AN/FIN/R/R/BSF;FIX/AA/AN/FIN/R/R/BSF
100983;26/03/2026;103426.22;103426.22;0.0;table Valorisation;acceptable (tolÃ©rance Â±0,02) | FIX/AA/AN/FIN/R/R/BSF;FIX/AA/AN/FIN/R/R/BSF
100975;26/03/2026;100538.1;100538.1;0.0;table Valorisation;acceptable (tolÃ©rance Â±0,02) | FIX/AA/AN/FIN/R/R/BSF;FIX/AA/AN/FIN/R/R/BSF
152881;26/03/2026;102147.67;102131.05;-16.62;table Valorisation;a corriger (table Valorisation) | FIX/AA/AN/FIN/R/R/CD;FIX/AA/AN/FIN/R/R/CD
100950;26/03/2026;102387.38;102387.38;0.0;table Valorisation;acceptable (tolÃ©rance Â±0,02) | FIX/AA/AN/FIN/R/R/BSF;FIX/AA/AN/FIN/R/R/BSF
9750;26/03/2026;100589.87;100589.87;0.0;table Valorisation;acceptable (tolÃ©rance Â±0,02) | REV/AA/AN/FIN/R/360/ORD;REV/AA/AN/FIN/R/360/ORD
153159;26/03/2026;99894.07;99890.37;-3.7;table Valorisation;a corriger (table Valorisation) | FIX/AA/AN/FIN/R/R/CD;FIX/AA/AN/FIN/R/R/CD
9351;26/03/2026;47586.44;47586.7;0.26;table Valorisation;a corriger (table Valorisation) | FIX/ZC/AN/AN/R/R/ORD;FIX/ZC/AN/AN/R/R/ORD
9395;26/03/2026;61784.82;61784.8;-0.02;table Valorisation;acceptable (tolÃ©rance Â±0,02) | FIX/ZC/AN/AN/R/R/ORD;FIX/ZC/AN/AN/R/R/ORD
9533;26/03/2026;42363.62;42360.25;-3.37;table Valorisation;a corriger (table Valorisation) | FIX/ZC/AN/AN/R/R/ORD;FIX/ZC/AN/AN/R/R/ORD
100925;26/03/2026;33738.33;33738.06;-0.27;table Valorisation;a corriger (table Valorisation) | FIX/ZC/AN/AN/R/R/BSF;FIX/ZC/AN/AN/R/R/BSF
9744;26/03/2026;100643.65;100643.51;-0.14;table Valorisation;a corriger (table Valorisation) | FIX/ZC/AN/AN/R/R/OBL;FIX/ZC/AN/AN/R/R/OBL
9496;26/03/2026;28502.26;28502.14;-0.12;table Valorisation;a corriger (table Valorisation) | FIX/ZC/AN/AN/R/R/ORD;FIX/ZC/AN/AN/R/R/ORD
9473;26/03/2026;68298.27;68298.27;0.0;table Valorisation;acceptable (tolÃ©rance Â±0,02) | FIX/ZC/SEM/SEM/R/R/ORD;FIX/ZC/SEM/SEM/R/R/ORD
5107;26/03/2026;98741.41;98740.03;-1.38;table Valorisation;a corriger (table Valorisation) | FIX/ZC/TRI/TRI/R/R/FPCT;FIX/ZC/TRI/TRI/R/R/FPCT
5117;26/03/2026;80421.76;80420.42;-1.34;table Valorisation;a corriger (table Valorisation) | FIX/ZC/TRI/TRI/R/R/FPCT;FIX/ZC/TRI/TRI/R/R/FPCT
9538;26/03/2026;12601.84;12602.35;0.51;table Valorisation;a corriger (table Valorisation) | REV/ZC/SEM/SEM/R/360/OBL;REV/ZC/SEM/SEM/R/360/OBL
